0,1,2,3
3336,,,
1,t1_data_1.csv,1.0,1.0
2,t1_data_1.csv,2.0,1.0
3,t1_data_1.csv,3.0,1.0
4,t1_data_1.csv,4.0,1.0
5,t1_data_1.csv,5.0,1.0
6,t1_data_1.csv,6.0,1.0
7,t1_data_1.csv,7.0,1.0
8,t1_data_1.csv,8.0,1.0
9,t1_data_1.csv,9.0,1.0
10,t1_data_1.csv,10.0,1.0
11,t1_data_1.csv,11.0,1.0
12,t1_data_1.csv,12.0,1.0
13,t1_data_1.csv,13.0,1.0
14,t1_data_1.csv,14.0,1.0
15,t1_data_1.csv,15.0,1.0
16,t1_data_1.csv,16.0,1.0
17,t1_data_1.csv,17.0,1.0
18,t1_data_1.csv,18.0,1.0
19,t1_data_1.csv,19.0,1.0
20,t1_data_1.csv,20.0,1.0
21,t1_data_1.csv,21.0,1.0
22,t1_data_1.csv,22.0,1.0
23,t1_data_1.csv,23.0,1.0
24,t1_data_1.csv,24.0,1.0
25,t1_data_1.csv,25.0,1.0
26,t1_data_1.csv,26.0,1.0
27,t1_data_1.csv,27.0,1.0
28,t1_data_1.csv,28.0,1.0
29,t1_data_1.csv,29.0,1.0
30,t1_data_1.csv,30.0,1.0
31,t1_data_1.csv,31.0,1.0
32,t1_data_1.csv,32.0,1.0
33,t1_data_1.csv,33.0,1.0
34,t1_data_1.csv,34.0,1.0
35,t1_data_1.csv,35.0,1.0
36,t1_data_1.csv,36.0,1.0
37,t1_data_1.csv,37.0,1.0
38,t1_data_1.csv,38.0,1.0
39,t1_data_2.csv,1.0,1.0
40,t1_data_2.csv,2.0,1.0
41,t1_data_2.csv,3.0,1.0
42,t1_data_2.csv,4.0,1.0
43,t1_data_2.csv,5.0,1.0
44,t1_data_2.csv,6.0,1.0
45,t1_data_2.csv,7.0,1.0
46,t1_data_2.csv,8.0,1.0
47,t1_data_2.csv,9.0,1.0
48,t1_data_2.csv,10.0,1.0
49,t1_data_2.csv,11.0,1.0
50,t1_data_2.csv,12.0,1.0
51,t1_data_2.csv,13.0,1.0
52,t1_data_2.csv,14.0,1.0
53,t1_data_2.csv,15.0,1.0
54,t1_data_2.csv,16.0,1.0
55,t1_data_2.csv,17.0,1.0
56,t1_data_2.csv,18.0,1.0
57,t1_data_2.csv,19.0,1.0
58,t1_data_2.csv,20.0,1.0
59,t1_data_2.csv,21.0,1.0
60,t1_data_2.csv,22.0,1.0
61,t1_data_2.csv,23.0,1.0
62,t1_data_2.csv,24.0,1.0
63,t1_data_2.csv,25.0,1.0
64,t1_data_2.csv,26.0,1.0
65,t1_data_2.csv,27.0,1.0
66,t1_data_2.csv,28.0,1.0
67,t1_data_2.csv,29.0,1.0
68,t1_data_2.csv,30.0,1.0
69,t1_data_2.csv,31.0,1.0
70,t1_data_2.csv,32.0,1.0
71,t1_data_2.csv,33.0,1.0
72,t1_data_2.csv,34.0,1.0
73,t1_data_2.csv,35.0,1.0
74,t1_data_2.csv,36.0,1.0
75,t1_data_2.csv,37.0,1.0
76,t1_data_2.csv,38.0,1.0
77,t1_data_3.csv,1.0,1.0
78,t1_data_3.csv,2.0,1.0
79,t1_data_3.csv,3.0,1.0
80,t1_data_3.csv,4.0,1.0
81,t1_data_3.csv,5.0,1.0
82,t1_data_3.csv,6.0,1.0
83,t1_data_3.csv,7.0,1.0
84,t1_data_3.csv,8.0,1.0
85,t1_data_3.csv,9.0,1.0
86,t1_data_3.csv,10.0,1.0
87,t1_data_3.csv,11.0,1.0
88,t1_data_3.csv,12.0,1.0
89,t1_data_3.csv,13.0,1.0
90,t1_data_3.csv,14.0,1.0
91,t1_data_3.csv,15.0,1.0
92,t1_data_3.csv,16.0,1.0
93,t1_data_3.csv,17.0,1.0
94,t1_data_3.csv,18.0,1.0
95,t1_data_3.csv,19.0,1.0
96,t1_data_3.csv,20.0,1.0
97,t1_data_3.csv,21.0,1.0
98,t1_data_3.csv,22.0,1.0
99,t1_data_3.csv,23.0,1.0
100,t1_data_3.csv,24.0,1.0
101,t1_data_3.csv,25.0,1.0
102,t1_data_3.csv,26.0,1.0
103,t1_data_3.csv,27.0,1.0
104,t1_data_3.csv,28.0,1.0
105,t1_data_3.csv,29.0,1.0
106,t1_data_3.csv,30.0,1.0
107,t1_data_3.csv,31.0,1.0
108,t1_data_3.csv,32.0,1.0
109,t1_data_3.csv,33.0,1.0
110,t1_data_3.csv,34.0,1.0
111,t1_data_3.csv,35.0,1.0
112,t1_data_3.csv,36.0,1.0
113,t1_data_3.csv,37.0,1.0
114,t1_data_3.csv,38.0,1.0
115,t1_data_4.csv,1.0,1.0
116,t1_data_4.csv,2.0,1.0
117,t1_data_4.csv,3.0,1.0
118,t1_data_4.csv,4.0,1.0
119,t1_data_4.csv,5.0,1.0
120,t1_data_4.csv,6.0,1.0
121,t1_data_4.csv,7.0,1.0
122,t1_data_4.csv,8.0,1.0
123,t1_data_4.csv,9.0,1.0
124,t1_data_4.csv,10.0,1.0
125,t1_data_4.csv,11.0,1.0
126,t1_data_4.csv,12.0,1.0
127,t1_data_4.csv,13.0,1.0
128,t1_data_4.csv,14.0,1.0
129,t1_data_4.csv,15.0,1.0
130,t1_data_4.csv,16.0,1.0
131,t1_data_4.csv,17.0,1.0
132,t1_data_4.csv,18.0,1.0
133,t1_data_4.csv,19.0,1.0
134,t1_data_4.csv,20.0,1.0
135,t1_data_4.csv,21.0,1.0
136,t1_data_4.csv,22.0,1.0
137,t1_data_4.csv,23.0,1.0
138,t1_data_4.csv,24.0,1.0
139,t1_data_4.csv,25.0,1.0
140,t1_data_4.csv,26.0,1.0
141,t1_data_4.csv,27.0,1.0
142,t1_data_4.csv,28.0,1.0
143,t1_data_4.csv,29.0,1.0
144,t1_data_4.csv,30.0,1.0
145,t1_data_4.csv,31.0,1.0
146,t1_data_4.csv,32.0,1.0
147,t1_data_4.csv,33.0,1.0
148,t1_data_4.csv,34.0,1.0
149,t1_data_4.csv,35.0,1.0
150,t1_data_4.csv,36.0,1.0
151,t1_data_4.csv,37.0,1.0
152,t1_data_4.csv,38.0,1.0
153,t1_data_5.csv,1.0,1.0
154,t1_data_5.csv,2.0,1.0
155,t1_data_5.csv,3.0,1.0
156,t1_data_5.csv,4.0,1.0
157,t1_data_5.csv,5.0,1.0
158,t1_data_5.csv,6.0,1.0
159,t1_data_5.csv,7.0,1.0
160,t1_data_5.csv,8.0,1.0
161,t1_data_5.csv,9.0,1.0
162,t1_data_5.csv,10.0,1.0
163,t1_data_5.csv,11.0,1.0
164,t1_data_5.csv,12.0,1.0
165,t1_data_5.csv,13.0,1.0
166,t1_data_5.csv,14.0,1.0
167,t1_data_5.csv,15.0,1.0
168,t1_data_5.csv,16.0,1.0
169,t1_data_5.csv,17.0,1.0
170,t1_data_5.csv,18.0,1.0
171,t1_data_5.csv,19.0,1.0
172,t1_data_5.csv,20.0,1.0
173,t1_data_5.csv,21.0,1.0
174,t1_data_5.csv,22.0,1.0
175,t1_data_5.csv,23.0,1.0
176,t1_data_5.csv,24.0,1.0
177,t1_data_5.csv,25.0,1.0
178,t1_data_5.csv,26.0,1.0
179,t1_data_5.csv,27.0,1.0
180,t1_data_5.csv,28.0,1.0
181,t1_data_5.csv,29.0,1.0
182,t1_data_5.csv,30.0,1.0
183,t1_data_5.csv,31.0,1.0
184,t1_data_5.csv,32.0,1.0
185,t1_data_5.csv,33.0,1.0
186,t1_data_5.csv,34.0,1.0
187,t1_data_5.csv,35.0,1.0
188,t1_data_5.csv,36.0,1.0
189,t1_data_5.csv,37.0,1.0
190,t1_data_5.csv,38.0,1.0
191,t1_data_6.csv,1.0,1.0
192,t1_data_6.csv,2.0,1.0
193,t1_data_6.csv,3.0,1.0
194,t1_data_6.csv,4.0,1.0
195,t1_data_6.csv,5.0,1.0
196,t1_data_6.csv,6.0,1.0
197,t1_data_6.csv,7.0,1.0
198,t1_data_6.csv,8.0,1.0
199,t1_data_6.csv,9.0,1.0
200,t1_data_6.csv,10.0,1.0
201,t1_data_6.csv,11.0,1.0
202,t1_data_6.csv,12.0,1.0
203,t1_data_6.csv,13.0,1.0
204,t1_data_6.csv,14.0,1.0
205,t1_data_6.csv,15.0,1.0
206,t1_data_6.csv,16.0,1.0
207,t1_data_6.csv,17.0,1.0
208,t1_data_6.csv,18.0,1.0
209,t1_data_6.csv,19.0,1.0
210,t1_data_6.csv,20.0,1.0
211,t1_data_6.csv,21.0,1.0
212,t1_data_6.csv,22.0,1.0
213,t1_data_6.csv,23.0,1.0
214,t1_data_6.csv,24.0,1.0
215,t1_data_6.csv,25.0,1.0
216,t1_data_6.csv,26.0,1.0
217,t1_data_6.csv,27.0,1.0
218,t1_data_6.csv,28.0,1.0
219,t1_data_6.csv,29.0,1.0
220,t1_data_6.csv,30.0,1.0
221,t1_data_6.csv,31.0,1.0
222,t1_data_6.csv,32.0,1.0
223,t1_data_6.csv,33.0,1.0
224,t1_data_6.csv,34.0,1.0
225,t1_data_6.csv,35.0,1.0
226,t1_data_6.csv,36.0,1.0
227,t1_data_6.csv,37.0,1.0
228,t1_data_6.csv,38.0,1.0
229,t1_data_7.csv,1.0,1.0
230,t1_data_7.csv,2.0,1.0
231,t1_data_7.csv,3.0,1.0
232,t1_data_7.csv,4.0,1.0
233,t1_data_7.csv,5.0,1.0
234,t1_data_7.csv,6.0,1.0
235,t1_data_7.csv,7.0,1.0
236,t1_data_7.csv,8.0,1.0
237,t1_data_7.csv,9.0,1.0
238,t1_data_7.csv,10.0,1.0
239,t1_data_7.csv,11.0,1.0
240,t1_data_7.csv,12.0,1.0
241,t1_data_7.csv,13.0,1.0
242,t1_data_7.csv,14.0,1.0
243,t1_data_7.csv,15.0,1.0
244,t1_data_7.csv,16.0,1.0
245,t1_data_7.csv,17.0,1.0
246,t1_data_7.csv,18.0,1.0
247,t1_data_7.csv,19.0,1.0
248,t1_data_7.csv,20.0,1.0
249,t1_data_7.csv,21.0,1.0
250,t1_data_7.csv,22.0,1.0
251,t1_data_7.csv,23.0,1.0
252,t1_data_7.csv,24.0,1.0
253,t1_data_7.csv,25.0,1.0
254,t1_data_7.csv,26.0,1.0
255,t1_data_7.csv,27.0,1.0
256,t1_data_7.csv,28.0,1.0
257,t1_data_7.csv,29.0,1.0
258,t1_data_7.csv,30.0,1.0
259,t1_data_7.csv,31.0,1.0
260,t1_data_7.csv,32.0,1.0
261,t1_data_7.csv,33.0,1.0
262,t1_data_7.csv,34.0,1.0
263,t1_data_7.csv,35.0,1.0
264,t1_data_7.csv,36.0,1.0
265,t1_data_7.csv,37.0,1.0
266,t1_data_7.csv,38.0,1.0
267,t1_data_8.csv,1.0,1.0
268,t1_data_8.csv,2.0,1.0
269,t1_data_8.csv,3.0,1.0
270,t1_data_8.csv,4.0,1.0
271,t1_data_8.csv,5.0,1.0
272,t1_data_8.csv,6.0,1.0
273,t1_data_8.csv,7.0,1.0
274,t1_data_8.csv,8.0,1.0
275,t1_data_8.csv,9.0,1.0
276,t1_data_8.csv,10.0,1.0
277,t1_data_8.csv,11.0,1.0
278,t1_data_8.csv,12.0,1.0
279,t1_data_8.csv,13.0,1.0
280,t1_data_8.csv,14.0,1.0
281,t1_data_8.csv,15.0,1.0
282,t1_data_8.csv,16.0,1.0
283,t1_data_8.csv,17.0,1.0
284,t1_data_8.csv,18.0,1.0
285,t1_data_8.csv,19.0,1.0
286,t1_data_8.csv,20.0,1.0
287,t1_data_8.csv,21.0,1.0
288,t1_data_8.csv,22.0,1.0
289,t1_data_8.csv,23.0,1.0
290,t1_data_8.csv,24.0,1.0
291,t1_data_8.csv,25.0,1.0
292,t1_data_8.csv,26.0,1.0
293,t1_data_8.csv,27.0,1.0
294,t1_data_8.csv,28.0,1.0
295,t1_data_8.csv,29.0,1.0
296,t1_data_8.csv,30.0,1.0
297,t1_data_8.csv,31.0,1.0
298,t1_data_8.csv,32.0,1.0
299,t1_data_8.csv,33.0,1.0
300,t1_data_8.csv,34.0,1.0
301,t1_data_8.csv,35.0,1.0
302,t1_data_8.csv,36.0,1.0
303,t1_data_8.csv,37.0,1.0
304,t1_data_8.csv,38.0,1.0
305,t1_data_9.csv,1.0,1.0
306,t1_data_9.csv,2.0,1.0
307,t1_data_9.csv,3.0,1.0
308,t1_data_9.csv,4.0,1.0
309,t1_data_9.csv,5.0,1.0
310,t1_data_9.csv,6.0,1.0
311,t1_data_9.csv,7.0,1.0
312,t1_data_9.csv,8.0,1.0
313,t1_data_9.csv,9.0,1.0
314,t1_data_9.csv,10.0,1.0
315,t1_data_9.csv,11.0,1.0
316,t1_data_9.csv,12.0,1.0
317,t1_data_9.csv,13.0,1.0
318,t1_data_9.csv,14.0,1.0
319,t1_data_9.csv,15.0,1.0
320,t1_data_9.csv,16.0,1.0
321,t1_data_9.csv,17.0,1.0
322,t1_data_9.csv,18.0,1.0
323,t1_data_9.csv,19.0,1.0
324,t1_data_9.csv,20.0,1.0
325,t1_data_9.csv,21.0,1.0
326,t1_data_9.csv,22.0,1.0
327,t1_data_9.csv,23.0,1.0
328,t1_data_9.csv,24.0,1.0
329,t1_data_9.csv,25.0,1.0
330,t1_data_9.csv,26.0,1.0
331,t1_data_9.csv,27.0,1.0
332,t1_data_9.csv,28.0,1.0
333,t1_data_9.csv,29.0,1.0
334,t1_data_9.csv,30.0,1.0
335,t1_data_9.csv,31.0,1.0
336,t1_data_9.csv,32.0,1.0
337,t1_data_9.csv,33.0,1.0
338,t1_data_9.csv,34.0,1.0
339,t1_data_9.csv,35.0,1.0
340,t1_data_9.csv,36.0,1.0
341,t1_data_9.csv,37.0,1.0
342,t1_data_9.csv,38.0,1.0
343,t1_data_10.csv,1.0,1.0
344,t1_data_10.csv,2.0,1.0
345,t1_data_10.csv,3.0,1.0
346,t1_data_10.csv,4.0,1.0
347,t1_data_10.csv,5.0,1.0
348,t1_data_10.csv,6.0,1.0
349,t1_data_10.csv,7.0,1.0
350,t1_data_10.csv,8.0,1.0
351,t1_data_10.csv,9.0,1.0
352,t1_data_10.csv,10.0,1.0
353,t1_data_10.csv,11.0,1.0
354,t1_data_10.csv,12.0,1.0
355,t1_data_10.csv,13.0,1.0
356,t1_data_10.csv,14.0,1.0
357,t1_data_10.csv,15.0,1.0
358,t1_data_10.csv,16.0,1.0
359,t1_data_10.csv,17.0,1.0
360,t1_data_10.csv,18.0,1.0
361,t1_data_10.csv,19.0,1.0
362,t1_data_10.csv,20.0,1.0
363,t1_data_10.csv,21.0,1.0
364,t1_data_10.csv,22.0,1.0
365,t1_data_10.csv,23.0,1.0
366,t1_data_10.csv,24.0,1.0
367,t1_data_10.csv,25.0,1.0
368,t1_data_10.csv,26.0,1.0
369,t1_data_10.csv,27.0,1.0
370,t1_data_10.csv,28.0,1.0
371,t1_data_10.csv,29.0,1.0
372,t1_data_10.csv,30.0,1.0
373,t1_data_10.csv,31.0,1.0
374,t1_data_10.csv,32.0,1.0
375,t1_data_10.csv,33.0,1.0
376,t1_data_10.csv,34.0,1.0
377,t1_data_10.csv,35.0,1.0
378,t1_data_10.csv,36.0,1.0
379,t1_data_10.csv,37.0,1.0
380,t1_data_10.csv,38.0,1.0
381,t1_data_11.csv,1.0,1.0
382,t1_data_11.csv,2.0,1.0
383,t1_data_11.csv,3.0,1.0
384,t1_data_11.csv,4.0,1.0
385,t1_data_11.csv,5.0,1.0
386,t1_data_11.csv,6.0,1.0
387,t1_data_11.csv,7.0,1.0
388,t1_data_11.csv,8.0,1.0
389,t1_data_11.csv,9.0,1.0
390,t1_data_11.csv,10.0,1.0
391,t1_data_11.csv,11.0,1.0
392,t1_data_11.csv,12.0,1.0
393,t1_data_11.csv,13.0,1.0
394,t1_data_11.csv,14.0,1.0
395,t1_data_11.csv,15.0,1.0
396,t1_data_11.csv,16.0,1.0
397,t1_data_11.csv,17.0,1.0
398,t1_data_11.csv,18.0,1.0
399,t1_data_11.csv,19.0,1.0
400,t1_data_11.csv,20.0,1.0
401,t1_data_11.csv,21.0,1.0
402,t1_data_11.csv,22.0,1.0
403,t1_data_11.csv,23.0,1.0
404,t1_data_11.csv,24.0,1.0
405,t1_data_11.csv,25.0,1.0
406,t1_data_11.csv,26.0,1.0
407,t1_data_11.csv,27.0,1.0
408,t1_data_11.csv,28.0,1.0
409,t1_data_11.csv,29.0,1.0
410,t1_data_11.csv,30.0,1.0
411,t1_data_11.csv,31.0,1.0
412,t1_data_11.csv,32.0,1.0
413,t1_data_11.csv,33.0,1.0
414,t1_data_11.csv,34.0,1.0
415,t1_data_11.csv,35.0,1.0
416,t1_data_11.csv,36.0,1.0
417,t1_data_11.csv,37.0,1.0
418,t1_data_11.csv,38.0,1.0
419,t1_data_12.csv,1.0,1.0
420,t1_data_12.csv,2.0,1.0
421,t1_data_12.csv,3.0,1.0
422,t1_data_12.csv,4.0,1.0
423,t1_data_12.csv,5.0,1.0
424,t1_data_12.csv,6.0,1.0
425,t1_data_12.csv,7.0,1.0
426,t1_data_12.csv,8.0,1.0
427,t1_data_12.csv,9.0,1.0
428,t1_data_12.csv,10.0,1.0
429,t1_data_12.csv,11.0,1.0
430,t1_data_12.csv,12.0,1.0
431,t1_data_12.csv,13.0,1.0
432,t1_data_12.csv,14.0,1.0
433,t1_data_12.csv,15.0,1.0
434,t1_data_12.csv,16.0,1.0
435,t1_data_12.csv,17.0,1.0
436,t1_data_12.csv,18.0,1.0
437,t1_data_12.csv,19.0,1.0
438,t1_data_12.csv,20.0,1.0
439,t1_data_12.csv,21.0,1.0
440,t1_data_12.csv,22.0,1.0
441,t1_data_12.csv,23.0,1.0
442,t1_data_12.csv,24.0,1.0
443,t1_data_12.csv,25.0,1.0
444,t1_data_12.csv,26.0,1.0
445,t1_data_12.csv,27.0,1.0
446,t1_data_12.csv,28.0,1.0
447,t1_data_12.csv,29.0,1.0
448,t1_data_12.csv,30.0,1.0
449,t1_data_12.csv,31.0,1.0
450,t1_data_12.csv,32.0,1.0
451,t1_data_12.csv,33.0,1.0
452,t1_data_12.csv,34.0,1.0
453,t1_data_12.csv,35.0,1.0
454,t1_data_12.csv,36.0,1.0
455,t1_data_12.csv,37.0,1.0
456,t1_data_12.csv,38.0,1.0
457,t1_data_13.csv,1.0,1.0
458,t1_data_13.csv,2.0,1.0
459,t1_data_13.csv,3.0,1.0
460,t1_data_13.csv,4.0,1.0
461,t1_data_13.csv,5.0,1.0
462,t1_data_13.csv,6.0,1.0
463,t1_data_13.csv,7.0,1.0
464,t1_data_13.csv,8.0,1.0
465,t1_data_13.csv,9.0,1.0
466,t1_data_13.csv,10.0,1.0
467,t1_data_13.csv,11.0,1.0
468,t1_data_13.csv,12.0,1.0
469,t1_data_13.csv,13.0,1.0
470,t1_data_13.csv,14.0,1.0
471,t1_data_13.csv,15.0,1.0
472,t1_data_13.csv,16.0,1.0
473,t1_data_13.csv,17.0,1.0
474,t1_data_13.csv,18.0,1.0
475,t1_data_13.csv,19.0,1.0
476,t1_data_13.csv,20.0,1.0
477,t1_data_13.csv,21.0,1.0
478,t1_data_13.csv,22.0,1.0
479,t1_data_13.csv,23.0,1.0
480,t1_data_13.csv,24.0,1.0
481,t1_data_13.csv,25.0,1.0
482,t1_data_13.csv,26.0,1.0
483,t1_data_13.csv,27.0,1.0
484,t1_data_13.csv,28.0,1.0
485,t1_data_13.csv,29.0,1.0
486,t1_data_13.csv,30.0,1.0
487,t1_data_13.csv,31.0,1.0
488,t1_data_13.csv,32.0,1.0
489,t1_data_13.csv,33.0,1.0
490,t1_data_13.csv,34.0,1.0
491,t1_data_13.csv,35.0,1.0
492,t1_data_13.csv,36.0,1.0
493,t1_data_13.csv,37.0,1.0
494,t1_data_13.csv,38.0,1.0
495,t1_data_14.csv,1.0,1.0
496,t1_data_14.csv,2.0,1.0
497,t1_data_14.csv,3.0,1.0
498,t1_data_14.csv,4.0,1.0
499,t1_data_14.csv,5.0,1.0
500,t1_data_14.csv,6.0,1.0
501,t1_data_14.csv,7.0,1.0
502,t1_data_14.csv,8.0,1.0
503,t1_data_14.csv,9.0,1.0
504,t1_data_14.csv,10.0,1.0
505,t1_data_14.csv,11.0,1.0
506,t1_data_14.csv,12.0,1.0
507,t1_data_14.csv,13.0,1.0
508,t1_data_14.csv,14.0,1.0
509,t1_data_14.csv,15.0,1.0
510,t1_data_14.csv,16.0,1.0
511,t1_data_14.csv,17.0,1.0
512,t1_data_14.csv,18.0,1.0
513,t1_data_14.csv,19.0,1.0
514,t1_data_14.csv,20.0,1.0
515,t1_data_14.csv,21.0,1.0
516,t1_data_14.csv,22.0,1.0
517,t1_data_14.csv,23.0,1.0
518,t1_data_14.csv,24.0,1.0
519,t1_data_14.csv,25.0,1.0
520,t1_data_14.csv,26.0,1.0
521,t1_data_14.csv,27.0,1.0
522,t1_data_14.csv,28.0,1.0
523,t1_data_14.csv,29.0,1.0
524,t1_data_14.csv,30.0,1.0
525,t1_data_14.csv,31.0,1.0
526,t1_data_14.csv,32.0,1.0
527,t1_data_14.csv,33.0,1.0
528,t1_data_14.csv,34.0,1.0
529,t1_data_14.csv,35.0,1.0
530,t1_data_14.csv,36.0,1.0
531,t1_data_14.csv,37.0,1.0
532,t1_data_14.csv,38.0,1.0
533,t1_data_15.csv,1.0,1.0
534,t1_data_15.csv,2.0,1.0
535,t1_data_15.csv,3.0,1.0
536,t1_data_15.csv,4.0,1.0
537,t1_data_15.csv,5.0,1.0
538,t1_data_15.csv,6.0,1.0
539,t1_data_15.csv,7.0,1.0
540,t1_data_15.csv,8.0,1.0
541,t1_data_15.csv,9.0,1.0
542,t1_data_15.csv,10.0,1.0
543,t1_data_15.csv,11.0,1.0
544,t1_data_15.csv,12.0,1.0
545,t1_data_15.csv,13.0,1.0
546,t1_data_15.csv,14.0,1.0
547,t1_data_15.csv,15.0,1.0
548,t1_data_15.csv,16.0,1.0
549,t1_data_15.csv,17.0,1.0
550,t1_data_15.csv,18.0,1.0
551,t1_data_15.csv,19.0,1.0
552,t1_data_15.csv,20.0,1.0
553,t1_data_15.csv,21.0,1.0
554,t1_data_15.csv,22.0,1.0
555,t1_data_15.csv,23.0,1.0
556,t1_data_15.csv,24.0,1.0
557,t1_data_15.csv,25.0,1.0
558,t1_data_15.csv,26.0,1.0
559,t1_data_15.csv,27.0,1.0
560,t1_data_15.csv,28.0,1.0
561,t1_data_15.csv,29.0,1.0
562,t1_data_15.csv,30.0,1.0
563,t1_data_15.csv,31.0,1.0
564,t1_data_15.csv,32.0,1.0
565,t1_data_15.csv,33.0,1.0
566,t1_data_15.csv,34.0,1.0
567,t1_data_15.csv,35.0,1.0
568,t1_data_15.csv,36.0,1.0
569,t1_data_15.csv,37.0,1.0
570,t1_data_15.csv,38.0,1.0
571,t1_data_16.csv,1.0,1.0
572,t1_data_16.csv,2.0,1.0
573,t1_data_16.csv,3.0,1.0
574,t1_data_16.csv,4.0,1.0
575,t1_data_16.csv,5.0,1.0
576,t1_data_16.csv,6.0,1.0
577,t1_data_16.csv,7.0,1.0
578,t1_data_16.csv,8.0,1.0
579,t1_data_16.csv,9.0,1.0
580,t1_data_16.csv,10.0,1.0
581,t1_data_16.csv,11.0,1.0
582,t1_data_16.csv,12.0,1.0
583,t1_data_16.csv,13.0,1.0
584,t1_data_16.csv,14.0,1.0
585,t1_data_16.csv,15.0,1.0
586,t1_data_16.csv,16.0,1.0
587,t1_data_16.csv,17.0,1.0
588,t1_data_16.csv,18.0,1.0
589,t1_data_16.csv,19.0,1.0
590,t1_data_16.csv,20.0,1.0
591,t1_data_16.csv,21.0,1.0
592,t1_data_16.csv,22.0,1.0
593,t1_data_16.csv,23.0,1.0
594,t1_data_16.csv,24.0,1.0
595,t1_data_16.csv,25.0,1.0
596,t1_data_16.csv,26.0,1.0
597,t1_data_16.csv,27.0,1.0
598,t1_data_16.csv,28.0,1.0
599,t1_data_16.csv,29.0,1.0
600,t1_data_16.csv,30.0,1.0
601,t1_data_16.csv,31.0,1.0
602,t1_data_16.csv,32.0,1.0
603,t1_data_16.csv,33.0,1.0
604,t1_data_16.csv,34.0,1.0
605,t1_data_16.csv,35.0,1.0
606,t1_data_16.csv,36.0,1.0
607,t1_data_16.csv,37.0,1.0
608,t1_data_16.csv,38.0,1.0
609,t1_data_17.csv,1.0,1.0
610,t1_data_17.csv,2.0,1.0
611,t1_data_17.csv,3.0,1.0
612,t1_data_17.csv,4.0,1.0
613,t1_data_17.csv,5.0,1.0
614,t1_data_17.csv,6.0,1.0
615,t1_data_17.csv,7.0,1.0
616,t1_data_17.csv,8.0,1.0
617,t1_data_17.csv,9.0,1.0
618,t1_data_17.csv,10.0,1.0
619,t1_data_17.csv,11.0,1.0
620,t1_data_17.csv,12.0,1.0
621,t1_data_17.csv,13.0,1.0
622,t1_data_17.csv,14.0,1.0
623,t1_data_17.csv,15.0,1.0
624,t1_data_17.csv,16.0,1.0
625,t1_data_17.csv,17.0,1.0
626,t1_data_17.csv,18.0,1.0
627,t1_data_17.csv,19.0,1.0
628,t1_data_17.csv,20.0,1.0
629,t1_data_17.csv,21.0,1.0
630,t1_data_17.csv,22.0,1.0
631,t1_data_17.csv,23.0,1.0
632,t1_data_17.csv,24.0,1.0
633,t1_data_17.csv,25.0,1.0
634,t1_data_17.csv,26.0,1.0
635,t1_data_17.csv,27.0,1.0
636,t1_data_17.csv,28.0,1.0
637,t1_data_17.csv,29.0,1.0
638,t1_data_17.csv,30.0,1.0
639,t1_data_17.csv,31.0,1.0
640,t1_data_17.csv,32.0,1.0
641,t1_data_17.csv,33.0,1.0
642,t1_data_17.csv,34.0,1.0
643,t1_data_17.csv,35.0,1.0
644,t1_data_17.csv,36.0,1.0
645,t1_data_17.csv,37.0,1.0
646,t1_data_17.csv,38.0,1.0
647,t1_data_18.csv,1.0,1.0
648,t1_data_18.csv,2.0,1.0
649,t1_data_18.csv,3.0,1.0
650,t1_data_18.csv,4.0,1.0
651,t1_data_18.csv,5.0,1.0
652,t1_data_18.csv,6.0,1.0
653,t1_data_18.csv,7.0,1.0
654,t1_data_18.csv,8.0,1.0
655,t1_data_18.csv,9.0,1.0
656,t1_data_18.csv,10.0,1.0
657,t1_data_18.csv,11.0,1.0
658,t1_data_18.csv,12.0,1.0
659,t1_data_18.csv,13.0,1.0
660,t1_data_18.csv,14.0,1.0
661,t1_data_18.csv,15.0,1.0
662,t1_data_18.csv,16.0,1.0
663,t1_data_18.csv,17.0,1.0
664,t1_data_18.csv,18.0,1.0
665,t1_data_18.csv,19.0,1.0
666,t1_data_18.csv,20.0,1.0
667,t1_data_18.csv,21.0,1.0
668,t1_data_18.csv,22.0,1.0
669,t1_data_18.csv,23.0,1.0
670,t1_data_18.csv,24.0,1.0
671,t1_data_18.csv,25.0,1.0
672,t1_data_18.csv,26.0,1.0
673,t1_data_18.csv,27.0,1.0
674,t1_data_18.csv,28.0,1.0
675,t1_data_18.csv,29.0,1.0
676,t1_data_18.csv,30.0,1.0
677,t1_data_18.csv,31.0,1.0
678,t1_data_18.csv,32.0,1.0
679,t1_data_18.csv,33.0,1.0
680,t1_data_18.csv,34.0,1.0
681,t1_data_18.csv,35.0,1.0
682,t1_data_18.csv,36.0,1.0
683,t1_data_18.csv,37.0,1.0
684,t1_data_18.csv,38.0,1.0
685,t1_data_19.csv,1.0,1.0
686,t1_data_19.csv,2.0,1.0
687,t1_data_19.csv,3.0,1.0
688,t1_data_19.csv,4.0,1.0
689,t1_data_19.csv,5.0,1.0
690,t1_data_19.csv,6.0,1.0
691,t1_data_19.csv,7.0,1.0
692,t1_data_19.csv,8.0,1.0
693,t1_data_19.csv,9.0,1.0
694,t1_data_19.csv,10.0,1.0
695,t1_data_19.csv,11.0,1.0
696,t1_data_19.csv,12.0,1.0
697,t1_data_19.csv,13.0,1.0
698,t1_data_19.csv,14.0,1.0
699,t1_data_19.csv,15.0,1.0
700,t1_data_19.csv,16.0,1.0
701,t1_data_19.csv,17.0,1.0
702,t1_data_19.csv,18.0,1.0
703,t1_data_19.csv,19.0,1.0
704,t1_data_19.csv,20.0,1.0
705,t1_data_19.csv,21.0,1.0
706,t1_data_19.csv,22.0,1.0
707,t1_data_19.csv,23.0,1.0
708,t1_data_19.csv,24.0,1.0
709,t1_data_19.csv,25.0,1.0
710,t1_data_19.csv,26.0,1.0
711,t1_data_19.csv,27.0,1.0
712,t1_data_19.csv,28.0,1.0
713,t1_data_19.csv,29.0,1.0
714,t1_data_19.csv,30.0,1.0
715,t1_data_19.csv,31.0,1.0
716,t1_data_19.csv,32.0,1.0
717,t1_data_19.csv,33.0,1.0
718,t1_data_19.csv,34.0,1.0
719,t1_data_19.csv,35.0,1.0
720,t1_data_19.csv,36.0,1.0
721,t1_data_19.csv,37.0,1.0
722,t1_data_19.csv,38.0,1.0
723,t1_data_20.csv,1.0,1.0
724,t1_data_20.csv,2.0,1.0
725,t1_data_20.csv,3.0,1.0
726,t1_data_20.csv,4.0,1.0
727,t1_data_20.csv,5.0,1.0
728,t1_data_20.csv,6.0,1.0
729,t1_data_20.csv,7.0,1.0
730,t1_data_20.csv,8.0,1.0
731,t1_data_20.csv,9.0,1.0
732,t1_data_20.csv,10.0,1.0
733,t1_data_20.csv,11.0,1.0
734,t1_data_20.csv,12.0,1.0
735,t1_data_20.csv,13.0,1.0
736,t1_data_20.csv,14.0,1.0
737,t1_data_20.csv,15.0,1.0
738,t1_data_20.csv,16.0,1.0
739,t1_data_20.csv,17.0,1.0
740,t1_data_20.csv,18.0,1.0
741,t1_data_20.csv,19.0,1.0
742,t1_data_20.csv,20.0,1.0
743,t1_data_20.csv,21.0,1.0
744,t1_data_20.csv,22.0,1.0
745,t1_data_20.csv,23.0,1.0
746,t1_data_20.csv,24.0,1.0
747,t1_data_20.csv,25.0,1.0
748,t1_data_20.csv,26.0,1.0
749,t1_data_20.csv,27.0,1.0
750,t1_data_20.csv,28.0,1.0
751,t1_data_20.csv,29.0,1.0
752,t1_data_20.csv,30.0,1.0
753,t1_data_20.csv,31.0,1.0
754,t1_data_20.csv,32.0,1.0
755,t1_data_20.csv,33.0,1.0
756,t1_data_20.csv,34.0,1.0
757,t1_data_20.csv,35.0,1.0
758,t1_data_20.csv,36.0,1.0
759,t1_data_20.csv,37.0,1.0
760,t1_data_20.csv,38.0,1.0
761,t1_data_21.csv,1.0,1.0
762,t1_data_21.csv,2.0,1.0
763,t1_data_21.csv,3.0,1.0
764,t1_data_21.csv,4.0,1.0
765,t1_data_21.csv,5.0,1.0
766,t1_data_21.csv,6.0,1.0
767,t1_data_21.csv,7.0,1.0
768,t1_data_21.csv,8.0,1.0
769,t1_data_21.csv,9.0,1.0
770,t1_data_21.csv,10.0,1.0
771,t1_data_21.csv,11.0,1.0
772,t1_data_21.csv,12.0,1.0
773,t1_data_21.csv,13.0,1.0
774,t1_data_21.csv,14.0,1.0
775,t1_data_21.csv,15.0,1.0
776,t1_data_21.csv,16.0,1.0
777,t1_data_21.csv,17.0,1.0
778,t1_data_21.csv,18.0,1.0
779,t1_data_21.csv,19.0,1.0
780,t1_data_21.csv,20.0,1.0
781,t1_data_21.csv,21.0,1.0
782,t1_data_21.csv,22.0,1.0
783,t1_data_21.csv,23.0,1.0
784,t1_data_21.csv,24.0,1.0
785,t1_data_21.csv,25.0,1.0
786,t1_data_21.csv,26.0,1.0
787,t1_data_21.csv,27.0,1.0
788,t1_data_21.csv,28.0,1.0
789,t1_data_21.csv,29.0,1.0
790,t1_data_21.csv,30.0,1.0
791,t1_data_21.csv,31.0,1.0
792,t1_data_21.csv,32.0,1.0
793,t1_data_21.csv,33.0,1.0
794,t1_data_21.csv,34.0,1.0
795,t1_data_21.csv,35.0,1.0
796,t1_data_21.csv,36.0,1.0
797,t1_data_21.csv,37.0,1.0
798,t1_data_21.csv,38.0,1.0
799,t1_data_22.csv,1.0,1.0
800,t1_data_22.csv,2.0,1.0
801,t1_data_22.csv,3.0,1.0
802,t1_data_22.csv,4.0,1.0
803,t1_data_22.csv,5.0,1.0
804,t1_data_22.csv,6.0,1.0
805,t1_data_22.csv,7.0,1.0
806,t1_data_22.csv,8.0,1.0
807,t1_data_22.csv,9.0,1.0
808,t1_data_22.csv,10.0,1.0
809,t1_data_22.csv,11.0,1.0
810,t1_data_22.csv,12.0,1.0
811,t1_data_22.csv,13.0,1.0
812,t1_data_22.csv,14.0,1.0
813,t1_data_22.csv,15.0,1.0
814,t1_data_22.csv,16.0,1.0
815,t1_data_22.csv,17.0,1.0
816,t1_data_22.csv,18.0,1.0
817,t1_data_22.csv,19.0,1.0
818,t1_data_22.csv,20.0,1.0
819,t1_data_22.csv,21.0,1.0
820,t1_data_22.csv,22.0,1.0
821,t1_data_22.csv,23.0,1.0
822,t1_data_22.csv,24.0,1.0
823,t1_data_22.csv,25.0,1.0
824,t1_data_22.csv,26.0,1.0
825,t1_data_22.csv,27.0,1.0
826,t1_data_22.csv,28.0,1.0
827,t1_data_22.csv,29.0,1.0
828,t1_data_22.csv,30.0,1.0
829,t1_data_22.csv,31.0,1.0
830,t1_data_22.csv,32.0,1.0
831,t1_data_22.csv,33.0,1.0
832,t1_data_22.csv,34.0,1.0
833,t1_data_22.csv,35.0,1.0
834,t1_data_22.csv,36.0,1.0
835,t1_data_22.csv,37.0,1.0
836,t1_data_22.csv,38.0,1.0
837,t1_data_23.csv,1.0,1.0
838,t1_data_23.csv,2.0,1.0
839,t1_data_23.csv,3.0,1.0
840,t1_data_23.csv,4.0,1.0
841,t1_data_23.csv,5.0,1.0
842,t1_data_23.csv,6.0,1.0
843,t1_data_23.csv,7.0,1.0
844,t1_data_23.csv,8.0,1.0
845,t1_data_23.csv,9.0,1.0
846,t1_data_23.csv,10.0,1.0
847,t1_data_23.csv,11.0,1.0
848,t1_data_23.csv,12.0,1.0
849,t1_data_23.csv,13.0,1.0
850,t1_data_23.csv,14.0,1.0
851,t1_data_23.csv,15.0,1.0
852,t1_data_23.csv,16.0,1.0
853,t1_data_23.csv,17.0,1.0
854,t1_data_23.csv,18.0,1.0
855,t1_data_23.csv,19.0,1.0
856,t1_data_23.csv,20.0,1.0
857,t1_data_23.csv,21.0,1.0
858,t1_data_23.csv,22.0,1.0
859,t1_data_23.csv,23.0,1.0
860,t1_data_23.csv,24.0,1.0
861,t1_data_23.csv,25.0,1.0
862,t1_data_23.csv,26.0,1.0
863,t1_data_23.csv,27.0,1.0
864,t1_data_23.csv,28.0,1.0
865,t1_data_23.csv,29.0,1.0
866,t1_data_23.csv,30.0,1.0
867,t1_data_23.csv,31.0,1.0
868,t1_data_23.csv,32.0,1.0
869,t1_data_23.csv,33.0,1.0
870,t1_data_23.csv,34.0,1.0
871,t1_data_23.csv,35.0,1.0
872,t1_data_23.csv,36.0,1.0
873,t1_data_23.csv,37.0,1.0
874,t1_data_23.csv,38.0,1.0
875,t1_data_24.csv,1.0,1.0
876,t1_data_24.csv,2.0,1.0
877,t1_data_24.csv,3.0,1.0
878,t1_data_24.csv,4.0,1.0
879,t1_data_24.csv,5.0,1.0
880,t1_data_24.csv,6.0,1.0
881,t1_data_24.csv,7.0,1.0
882,t1_data_24.csv,8.0,1.0
883,t1_data_24.csv,9.0,1.0
884,t1_data_24.csv,10.0,1.0
885,t1_data_24.csv,11.0,1.0
886,t1_data_24.csv,12.0,1.0
887,t1_data_24.csv,13.0,1.0
888,t1_data_24.csv,14.0,1.0
889,t1_data_24.csv,15.0,1.0
890,t1_data_24.csv,16.0,1.0
891,t1_data_24.csv,17.0,1.0
892,t1_data_24.csv,18.0,1.0
893,t1_data_24.csv,19.0,1.0
894,t1_data_24.csv,20.0,1.0
895,t1_data_24.csv,21.0,1.0
896,t1_data_24.csv,22.0,1.0
897,t1_data_24.csv,23.0,1.0
898,t1_data_24.csv,24.0,1.0
899,t1_data_24.csv,25.0,1.0
900,t1_data_24.csv,26.0,1.0
901,t1_data_24.csv,27.0,1.0
902,t1_data_24.csv,28.0,1.0
903,t1_data_24.csv,29.0,1.0
904,t1_data_24.csv,30.0,1.0
905,t1_data_24.csv,31.0,1.0
906,t1_data_24.csv,32.0,1.0
907,t1_data_24.csv,33.0,1.0
908,t1_data_24.csv,34.0,1.0
909,t1_data_24.csv,35.0,1.0
910,t1_data_24.csv,36.0,1.0
911,t1_data_24.csv,37.0,1.0
912,t1_data_24.csv,38.0,1.0
913,t1_data_25.csv,1.0,1.0
914,t1_data_25.csv,2.0,1.0
915,t1_data_25.csv,3.0,1.0
916,t1_data_25.csv,4.0,1.0
917,t1_data_25.csv,5.0,1.0
918,t1_data_25.csv,6.0,1.0
919,t1_data_25.csv,7.0,1.0
920,t1_data_25.csv,8.0,1.0
921,t1_data_25.csv,9.0,1.0
922,t1_data_25.csv,10.0,1.0
923,t1_data_25.csv,11.0,1.0
924,t1_data_25.csv,12.0,1.0
925,t1_data_25.csv,13.0,1.0
926,t1_data_25.csv,14.0,1.0
927,t1_data_25.csv,15.0,1.0
928,t1_data_25.csv,16.0,1.0
929,t1_data_25.csv,17.0,1.0
930,t1_data_25.csv,18.0,1.0
931,t1_data_25.csv,19.0,1.0
932,t1_data_25.csv,20.0,1.0
933,t1_data_25.csv,21.0,1.0
934,t1_data_25.csv,22.0,1.0
935,t1_data_25.csv,23.0,1.0
936,t1_data_25.csv,24.0,1.0
937,t1_data_25.csv,25.0,1.0
938,t1_data_25.csv,26.0,1.0
939,t1_data_25.csv,27.0,1.0
940,t1_data_25.csv,28.0,1.0
941,t1_data_25.csv,29.0,1.0
942,t1_data_25.csv,30.0,1.0
943,t1_data_25.csv,31.0,1.0
944,t1_data_25.csv,32.0,1.0
945,t1_data_25.csv,33.0,1.0
946,t1_data_25.csv,34.0,1.0
947,t1_data_25.csv,35.0,1.0
948,t1_data_25.csv,36.0,1.0
949,t1_data_25.csv,37.0,1.0
950,t1_data_25.csv,38.0,1.0
951,t1_data_26.csv,1.0,1.0
952,t1_data_26.csv,2.0,1.0
953,t1_data_26.csv,3.0,1.0
954,t1_data_26.csv,4.0,1.0
955,t1_data_26.csv,5.0,1.0
956,t1_data_26.csv,6.0,1.0
957,t1_data_26.csv,7.0,1.0
958,t1_data_26.csv,8.0,1.0
959,t1_data_26.csv,9.0,1.0
960,t1_data_26.csv,10.0,1.0
961,t1_data_26.csv,11.0,1.0
962,t1_data_26.csv,12.0,1.0
963,t1_data_26.csv,13.0,1.0
964,t1_data_26.csv,14.0,1.0
965,t1_data_26.csv,15.0,1.0
966,t1_data_26.csv,16.0,1.0
967,t1_data_26.csv,17.0,1.0
968,t1_data_26.csv,18.0,1.0
969,t1_data_26.csv,19.0,1.0
970,t1_data_26.csv,20.0,1.0
971,t1_data_26.csv,21.0,1.0
972,t1_data_26.csv,22.0,1.0
973,t1_data_26.csv,23.0,1.0
974,t1_data_26.csv,24.0,1.0
975,t1_data_26.csv,25.0,1.0
976,t1_data_26.csv,26.0,1.0
977,t1_data_26.csv,27.0,1.0
978,t1_data_26.csv,28.0,1.0
979,t1_data_26.csv,29.0,1.0
980,t1_data_26.csv,30.0,1.0
981,t1_data_26.csv,31.0,1.0
982,t1_data_26.csv,32.0,1.0
983,t1_data_26.csv,33.0,1.0
984,t1_data_26.csv,34.0,1.0
985,t1_data_26.csv,35.0,1.0
986,t1_data_26.csv,36.0,1.0
987,t1_data_26.csv,37.0,1.0
988,t1_data_26.csv,38.0,1.0
989,t1_data_27.csv,1.0,1.0
990,t1_data_27.csv,2.0,1.0
991,t1_data_27.csv,3.0,1.0
992,t1_data_27.csv,4.0,1.0
993,t1_data_27.csv,5.0,1.0
994,t1_data_27.csv,6.0,1.0
995,t1_data_27.csv,7.0,1.0
996,t1_data_27.csv,8.0,1.0
997,t1_data_27.csv,9.0,1.0
998,t1_data_27.csv,10.0,1.0
999,t1_data_27.csv,11.0,1.0
1000,t1_data_27.csv,12.0,1.0
1,t1_data_1.csv,1.0,1.0
2,t1_data_1.csv,2.0,1.0
3,t1_data_1.csv,3.0,1.0
4,t1_data_1.csv,4.0,1.0
5,t1_data_1.csv,5.0,1.0
6,t1_data_1.csv,6.0,1.0
7,t1_data_1.csv,7.0,1.0
8,t1_data_1.csv,8.0,1.0
9,t1_data_1.csv,9.0,1.0
10,t1_data_1.csv,10.0,1.0
11,t1_data_1.csv,11.0,1.0
12,t1_data_1.csv,12.0,1.0
13,t1_data_1.csv,13.0,1.0
14,t1_data_1.csv,14.0,1.0
15,t1_data_1.csv,15.0,1.0
16,t1_data_1.csv,16.0,1.0
17,t1_data_1.csv,17.0,1.0
18,t1_data_1.csv,18.0,1.0
19,t1_data_1.csv,19.0,1.0
20,t1_data_1.csv,20.0,1.0
21,t1_data_1.csv,21.0,1.0
22,t1_data_1.csv,22.0,1.0
23,t1_data_1.csv,23.0,1.0
24,t1_data_1.csv,24.0,1.0
25,t1_data_1.csv,25.0,1.0
26,t1_data_1.csv,26.0,1.0
27,t1_data_1.csv,27.0,1.0
28,t1_data_1.csv,28.0,1.0
29,t1_data_1.csv,29.0,1.0
30,t1_data_1.csv,30.0,1.0
31,t1_data_1.csv,31.0,1.0
32,t1_data_1.csv,32.0,1.0
33,t1_data_1.csv,33.0,1.0
34,t1_data_1.csv,34.0,1.0
35,t1_data_1.csv,35.0,1.0
36,t1_data_1.csv,36.0,1.0
37,t1_data_1.csv,37.0,1.0
38,t1_data_1.csv,38.0,1.0
39,t1_data_2.csv,1.0,1.0
40,t1_data_2.csv,2.0,1.0
41,t1_data_2.csv,3.0,1.0
42,t1_data_2.csv,4.0,1.0
43,t1_data_2.csv,5.0,1.0
44,t1_data_2.csv,6.0,1.0
45,t1_data_2.csv,7.0,1.0
46,t1_data_2.csv,8.0,1.0
47,t1_data_2.csv,9.0,1.0
48,t1_data_2.csv,10.0,1.0
49,t1_data_2.csv,11.0,1.0
50,t1_data_2.csv,12.0,1.0
51,t1_data_2.csv,13.0,1.0
52,t1_data_2.csv,14.0,1.0
53,t1_data_2.csv,15.0,1.0
54,t1_data_2.csv,16.0,1.0
55,t1_data_2.csv,17.0,1.0
56,t1_data_2.csv,18.0,1.0
57,t1_data_2.csv,19.0,1.0
58,t1_data_2.csv,20.0,1.0
59,t1_data_2.csv,21.0,1.0
60,t1_data_2.csv,22.0,1.0
61,t1_data_2.csv,23.0,1.0
62,t1_data_2.csv,24.0,1.0
63,t1_data_2.csv,25.0,1.0
64,t1_data_2.csv,26.0,1.0
65,t1_data_2.csv,27.0,1.0
66,t1_data_2.csv,28.0,1.0
67,t1_data_2.csv,29.0,1.0
68,t1_data_2.csv,30.0,1.0
69,t1_data_2.csv,31.0,1.0
70,t1_data_2.csv,32.0,1.0
71,t1_data_2.csv,33.0,1.0
72,t1_data_2.csv,34.0,1.0
73,t1_data_2.csv,35.0,1.0
74,t1_data_2.csv,36.0,1.0
75,t1_data_2.csv,37.0,1.0
76,t1_data_2.csv,38.0,1.0
77,t1_data_3.csv,1.0,1.0
78,t1_data_3.csv,2.0,1.0
79,t1_data_3.csv,3.0,1.0
80,t1_data_3.csv,4.0,1.0
81,t1_data_3.csv,5.0,1.0
82,t1_data_3.csv,6.0,1.0
83,t1_data_3.csv,7.0,1.0
84,t1_data_3.csv,8.0,1.0
85,t1_data_3.csv,9.0,1.0
86,t1_data_3.csv,10.0,1.0
87,t1_data_3.csv,11.0,1.0
88,t1_data_3.csv,12.0,1.0
89,t1_data_3.csv,13.0,1.0
90,t1_data_3.csv,14.0,1.0
91,t1_data_3.csv,15.0,1.0
92,t1_data_3.csv,16.0,1.0
93,t1_data_3.csv,17.0,1.0
94,t1_data_3.csv,18.0,1.0
95,t1_data_3.csv,19.0,1.0
96,t1_data_3.csv,20.0,1.0
97,t1_data_3.csv,21.0,1.0
98,t1_data_3.csv,22.0,1.0
99,t1_data_3.csv,23.0,1.0
100,t1_data_3.csv,24.0,1.0
101,t1_data_3.csv,25.0,1.0
102,t1_data_3.csv,26.0,1.0
103,t1_data_3.csv,27.0,1.0
104,t1_data_3.csv,28.0,1.0
105,t1_data_3.csv,29.0,1.0
106,t1_data_3.csv,30.0,1.0
107,t1_data_3.csv,31.0,1.0
108,t1_data_3.csv,32.0,1.0
109,t1_data_3.csv,33.0,1.0
110,t1_data_3.csv,34.0,1.0
111,t1_data_3.csv,35.0,1.0
112,t1_data_3.csv,36.0,1.0
113,t1_data_3.csv,37.0,1.0
114,t1_data_3.csv,38.0,1.0
115,t1_data_4.csv,1.0,1.0
116,t1_data_4.csv,2.0,1.0
117,t1_data_4.csv,3.0,1.0
118,t1_data_4.csv,4.0,1.0
119,t1_data_4.csv,5.0,1.0
120,t1_data_4.csv,6.0,1.0
121,t1_data_4.csv,7.0,1.0
122,t1_data_4.csv,8.0,1.0
123,t1_data_4.csv,9.0,1.0
1,t1_data_1.csv,1.0,1.0
2,t1_data_1.csv,2.0,1.0
3,t1_data_1.csv,3.0,1.0
4,t1_data_1.csv,4.0,1.0
5,t1_data_1.csv,5.0,1.0
6,t1_data_1.csv,6.0,1.0
7,t1_data_1.csv,7.0,1.0
8,t1_data_1.csv,8.0,1.0
9,t1_data_1.csv,9.0,1.0
10,t1_data_1.csv,10.0,1.0
11,t1_data_1.csv,11.0,1.0
12,t1_data_1.csv,12.0,1.0
13,t1_data_1.csv,13.0,1.0
14,t1_data_1.csv,14.0,1.0
15,t1_data_1.csv,15.0,1.0
16,t1_data_1.csv,16.0,1.0
17,t1_data_1.csv,17.0,1.0
18,t1_data_1.csv,18.0,1.0
19,t1_data_1.csv,19.0,1.0
20,t1_data_1.csv,20.0,1.0
21,t1_data_1.csv,21.0,1.0
22,t1_data_1.csv,22.0,1.0
23,t1_data_1.csv,23.0,1.0
24,t1_data_1.csv,24.0,1.0
25,t1_data_1.csv,25.0,1.0
26,t1_data_1.csv,26.0,1.0
27,t1_data_1.csv,27.0,1.0
28,t1_data_1.csv,28.0,1.0
29,t1_data_1.csv,29.0,1.0
30,t1_data_1.csv,30.0,1.0
31,t1_data_1.csv,31.0,1.0
32,t1_data_1.csv,32.0,1.0
33,t1_data_1.csv,33.0,1.0
34,t1_data_1.csv,34.0,1.0
35,t1_data_1.csv,35.0,1.0
36,t1_data_1.csv,36.0,1.0
37,t1_data_1.csv,37.0,1.0
38,t1_data_1.csv,38.0,1.0
39,t1_data_2.csv,1.0,1.0
40,t1_data_2.csv,2.0,1.0
41,t1_data_2.csv,3.0,1.0
42,t1_data_2.csv,4.0,1.0
43,t1_data_2.csv,5.0,1.0
44,t1_data_2.csv,6.0,1.0
45,t1_data_2.csv,7.0,1.0
46,t1_data_2.csv,8.0,1.0
47,t1_data_2.csv,9.0,1.0
48,t1_data_2.csv,10.0,1.0
49,t1_data_2.csv,11.0,1.0
50,t1_data_2.csv,12.0,1.0
51,t1_data_2.csv,13.0,1.0
52,t1_data_2.csv,14.0,1.0
53,t1_data_2.csv,15.0,1.0
54,t1_data_2.csv,16.0,1.0
55,t1_data_2.csv,17.0,1.0
56,t1_data_2.csv,18.0,1.0
57,t1_data_2.csv,19.0,1.0
1,t1_data_1.csv,1.0,1.0
2,t1_data_1.csv,2.0,1.0
3,t1_data_1.csv,3.0,1.0
4,t1_data_1.csv,4.0,1.0
5,t1_data_1.csv,5.0,1.0
6,t1_data_1.csv,6.0,1.0
7,t1_data_1.csv,7.0,1.0
8,t1_data_1.csv,8.0,1.0
9,t1_data_1.csv,9.0,1.0
10,t1_data_1.csv,10.0,1.0
11,t1_data_1.csv,11.0,1.0
12,t1_data_1.csv,12.0,1.0
13,t1_data_1.csv,13.0,1.0
14,t1_data_1.csv,14.0,1.0
15,t1_data_1.csv,15.0,1.0
16,t1_data_1.csv,16.0,1.0
17,t1_data_1.csv,17.0,1.0
18,t1_data_1.csv,18.0,1.0
19,t1_data_1.csv,19.0,1.0
20,t1_data_1.csv,20.0,1.0
21,t1_data_1.csv,21.0,1.0
22,t1_data_1.csv,22.0,1.0
23,t1_data_1.csv,23.0,1.0
24,t1_data_1.csv,24.0,1.0
25,t1_data_1.csv,25.0,1.0
26,t1_data_1.csv,26.0,1.0
27,t1_data_1.csv,27.0,1.0
28,t1_data_1.csv,28.0,1.0
29,t1_data_1.csv,29.0,1.0
30,t1_data_1.csv,30.0,1.0
31,t1_data_1.csv,31.0,1.0
32,t1_data_1.csv,32.0,1.0
33,t1_data_1.csv,33.0,1.0
34,t1_data_1.csv,34.0,1.0
35,t1_data_1.csv,35.0,1.0
36,t1_data_1.csv,36.0,1.0
37,t1_data_1.csv,37.0,1.0
38,t1_data_1.csv,38.0,1.0
39,t1_data_2.csv,1.0,1.0
40,t1_data_2.csv,2.0,1.0
41,t1_data_2.csv,3.0,1.0
42,t1_data_2.csv,4.0,1.0
43,t1_data_2.csv,5.0,1.0
44,t1_data_2.csv,6.0,1.0
45,t1_data_2.csv,7.0,1.0
46,t1_data_2.csv,8.0,1.0
47,t1_data_2.csv,9.0,1.0
48,t1_data_2.csv,10.0,1.0
49,t1_data_2.csv,11.0,1.0
50,t1_data_2.csv,12.0,1.0
51,t1_data_2.csv,13.0,1.0
52,t1_data_2.csv,14.0,1.0
53,t1_data_2.csv,15.0,1.0
54,t1_data_2.csv,16.0,1.0
55,t1_data_2.csv,17.0,1.0
56,t1_data_2.csv,18.0,1.0
57,t1_data_2.csv,19.0,1.0
58,t1_data_2.csv,20.0,1.0
59,t1_data_2.csv,21.0,1.0
60,t1_data_2.csv,22.0,1.0
61,t1_data_2.csv,23.0,1.0
62,t1_data_2.csv,24.0,1.0
63,t1_data_2.csv,25.0,1.0
64,t1_data_2.csv,26.0,1.0
65,t1_data_2.csv,27.0,1.0
66,t1_data_2.csv,28.0,1.0
67,t1_data_2.csv,29.0,1.0
68,t1_data_2.csv,30.0,1.0
69,t1_data_2.csv,31.0,1.0
70,t1_data_2.csv,32.0,1.0
71,t1_data_2.csv,33.0,1.0
72,t1_data_2.csv,34.0,1.0
1,t1_data_1.csv,1.0,1.0
2,t1_data_1.csv,2.0,1.0
3,t1_data_1.csv,3.0,1.0
4,t1_data_1.csv,4.0,1.0
5,t1_data_1.csv,5.0,1.0
6,t1_data_1.csv,6.0,1.0
7,t1_data_1.csv,7.0,1.0
8,t1_data_1.csv,8.0,1.0
9,t1_data_1.csv,9.0,1.0
10,t1_data_1.csv,10.0,1.0
11,t1_data_1.csv,11.0,1.0
12,t1_data_1.csv,12.0,1.0
13,t1_data_1.csv,13.0,1.0
14,t1_data_1.csv,14.0,1.0
15,t1_data_1.csv,15.0,1.0
16,t1_data_1.csv,16.0,1.0
17,t1_data_1.csv,17.0,1.0
18,t1_data_1.csv,18.0,1.0
19,t1_data_1.csv,19.0,1.0
20,t1_data_1.csv,20.0,1.0
21,t1_data_1.csv,21.0,1.0
22,t1_data_1.csv,22.0,1.0
23,t1_data_1.csv,23.0,1.0
24,t1_data_1.csv,24.0,1.0
25,t1_data_1.csv,25.0,1.0
26,t1_data_1.csv,26.0,1.0
27,t1_data_1.csv,27.0,1.0
28,t1_data_1.csv,28.0,1.0
29,t1_data_1.csv,29.0,1.0
30,t1_data_1.csv,30.0,1.0
31,t1_data_1.csv,31.0,1.0
32,t1_data_1.csv,32.0,1.0
33,t1_data_1.csv,33.0,1.0
34,t1_data_1.csv,34.0,1.0
35,t1_data_1.csv,35.0,1.0
36,t1_data_1.csv,36.0,1.0
37,t1_data_1.csv,37.0,1.0
38,t1_data_1.csv,38.0,1.0
39,t1_data_2.csv,1.0,1.0
40,t1_data_2.csv,2.0,1.0
41,t1_data_2.csv,3.0,1.0
42,t1_data_2.csv,4.0,1.0
43,t1_data_2.csv,5.0,1.0
44,t1_data_2.csv,6.0,1.0
45,t1_data_2.csv,7.0,1.0
46,t1_data_2.csv,8.0,1.0
47,t1_data_2.csv,9.0,1.0
48,t1_data_2.csv,10.0,1.0
49,t1_data_2.csv,11.0,1.0
50,t1_data_2.csv,12.0,1.0
51,t1_data_2.csv,13.0,1.0
52,t1_data_2.csv,14.0,1.0
53,t1_data_2.csv,15.0,1.0
54,t1_data_2.csv,16.0,1.0
55,t1_data_2.csv,17.0,1.0
56,t1_data_2.csv,18.0,1.0
57,t1_data_2.csv,19.0,1.0
58,t1_data_2.csv,20.0,1.0
59,t1_data_2.csv,21.0,1.0
60,t1_data_2.csv,22.0,1.0
61,t1_data_2.csv,23.0,1.0
62,t1_data_2.csv,24.0,1.0
63,t1_data_2.csv,25.0,1.0
64,t1_data_2.csv,26.0,1.0
65,t1_data_2.csv,27.0,1.0
66,t1_data_2.csv,28.0,1.0
67,t1_data_2.csv,29.0,1.0
68,t1_data_2.csv,30.0,1.0
69,t1_data_2.csv,31.0,1.0
70,t1_data_2.csv,32.0,1.0
71,t1_data_2.csv,33.0,1.0
72,t1_data_2.csv,34.0,1.0
73,t1_data_2.csv,35.0,1.0
74,t1_data_2.csv,36.0,1.0
75,t1_data_2.csv,37.0,1.0
76,t1_data_2.csv,38.0,1.0
77,t1_data_3.csv,1.0,1.0
78,t1_data_3.csv,2.0,1.0
79,t1_data_3.csv,3.0,1.0
80,t1_data_3.csv,4.0,1.0
81,t1_data_3.csv,5.0,1.0
82,t1_data_3.csv,6.0,1.0
83,t1_data_3.csv,7.0,1.0
84,t1_data_3.csv,8.0,1.0
85,t1_data_3.csv,9.0,1.0
86,t1_data_3.csv,10.0,1.0
87,t1_data_3.csv,11.0,1.0
88,t1_data_3.csv,12.0,1.0
89,t1_data_3.csv,13.0,1.0
90,t1_data_3.csv,14.0,1.0
91,t1_data_3.csv,15.0,1.0
92,t1_data_3.csv,16.0,1.0
93,t1_data_3.csv,17.0,1.0
1,t1_data_1.csv,1.0,1.0
2,t1_data_1.csv,2.0,1.0
3,t1_data_1.csv,3.0,1.0
4,t1_data_1.csv,4.0,1.0
5,t1_data_1.csv,5.0,1.0
6,t1_data_1.csv,6.0,1.0
7,t1_data_1.csv,7.0,1.0
8,t1_data_1.csv,8.0,1.0
9,t1_data_1.csv,9.0,1.0
10,t1_data_1.csv,10.0,1.0
11,t1_data_1.csv,11.0,1.0
12,t1_data_1.csv,12.0,1.0
13,t1_data_1.csv,13.0,1.0
14,t1_data_1.csv,14.0,1.0
15,t1_data_1.csv,15.0,1.0
16,t1_data_1.csv,16.0,1.0
17,t1_data_1.csv,17.0,1.0
18,t1_data_1.csv,18.0,1.0
19,t1_data_1.csv,19.0,1.0
20,t1_data_1.csv,20.0,1.0
21,t1_data_1.csv,21.0,1.0
22,t1_data_1.csv,22.0,1.0
23,t1_data_1.csv,23.0,1.0
24,t1_data_1.csv,24.0,1.0
25,t1_data_1.csv,25.0,1.0
26,t1_data_1.csv,26.0,1.0
27,t1_data_1.csv,27.0,1.0
28,t1_data_1.csv,28.0,1.0
29,t1_data_1.csv,29.0,1.0
30,t1_data_1.csv,30.0,1.0
31,t1_data_1.csv,31.0,1.0
32,t1_data_1.csv,32.0,1.0
33,t1_data_1.csv,33.0,1.0
34,t1_data_1.csv,34.0,1.0
35,t1_data_1.csv,35.0,1.0
36,t1_data_1.csv,36.0,1.0
37,t1_data_1.csv,37.0,1.0
38,t1_data_1.csv,38.0,1.0
39,t1_data_2.csv,1.0,1.0
40,t1_data_2.csv,2.0,1.0
41,t1_data_2.csv,3.0,1.0
1,t1_data_1.csv,1.0,1.0
2,t1_data_1.csv,2.0,1.0
3,t1_data_1.csv,3.0,1.0
4,t1_data_1.csv,4.0,1.0
5,t1_data_1.csv,5.0,1.0
6,t1_data_1.csv,6.0,1.0
7,t1_data_1.csv,7.0,1.0
8,t1_data_1.csv,8.0,1.0
9,t1_data_1.csv,9.0,1.0
10,t1_data_1.csv,10.0,1.0
11,t1_data_1.csv,11.0,1.0
12,t1_data_1.csv,12.0,1.0
13,t1_data_1.csv,13.0,1.0
14,t1_data_1.csv,14.0,1.0
15,t1_data_1.csv,15.0,1.0
16,t1_data_1.csv,16.0,1.0
17,t1_data_1.csv,17.0,1.0
18,t1_data_1.csv,18.0,1.0
19,t1_data_1.csv,19.0,1.0
20,t1_data_1.csv,20.0,1.0
21,t1_data_1.csv,21.0,1.0
22,t1_data_1.csv,22.0,1.0
23,t1_data_1.csv,23.0,1.0
24,t1_data_1.csv,24.0,1.0
25,t1_data_1.csv,25.0,1.0
26,t1_data_1.csv,26.0,1.0
27,t1_data_1.csv,27.0,1.0
28,t1_data_1.csv,28.0,1.0
29,t1_data_1.csv,29.0,1.0
30,t1_data_1.csv,30.0,1.0
31,t1_data_1.csv,31.0,1.0
32,t1_data_1.csv,32.0,1.0
33,t1_data_1.csv,33.0,1.0
34,t1_data_1.csv,34.0,1.0
35,t1_data_1.csv,35.0,1.0
36,t1_data_1.csv,36.0,1.0
37,t1_data_1.csv,37.0,1.0
38,t1_data_1.csv,38.0,1.0
39,t1_data_2.csv,1.0,1.0
40,t1_data_2.csv,2.0,1.0
41,t1_data_2.csv,3.0,1.0
42,t1_data_2.csv,4.0,1.0
43,t1_data_2.csv,5.0,1.0
44,t1_data_2.csv,6.0,1.0
45,t1_data_2.csv,7.0,1.0
46,t1_data_2.csv,8.0,1.0
47,t1_data_2.csv,9.0,1.0
48,t1_data_2.csv,10.0,1.0
49,t1_data_2.csv,11.0,1.0
50,t1_data_2.csv,12.0,1.0
51,t1_data_2.csv,13.0,1.0
52,t1_data_2.csv,14.0,1.0
53,t1_data_2.csv,15.0,1.0
54,t1_data_2.csv,16.0,1.0
55,t1_data_2.csv,17.0,1.0
56,t1_data_2.csv,18.0,1.0
57,t1_data_2.csv,19.0,1.0
58,t1_data_2.csv,20.0,1.0
59,t1_data_2.csv,21.0,1.0
60,t1_data_2.csv,22.0,1.0
61,t1_data_2.csv,23.0,1.0
62,t1_data_2.csv,24.0,1.0
63,t1_data_2.csv,25.0,1.0
64,t1_data_2.csv,26.0,1.0
65,t1_data_2.csv,27.0,1.0
66,t1_data_2.csv,28.0,1.0
67,t1_data_2.csv,29.0,1.0
68,t1_data_2.csv,30.0,1.0
69,t1_data_2.csv,31.0,1.0
70,t1_data_2.csv,32.0,1.0
71,t1_data_2.csv,33.0,1.0
72,t1_data_2.csv,34.0,1.0
73,t1_data_2.csv,35.0,1.0
74,t1_data_2.csv,36.0,1.0
75,t1_data_2.csv,37.0,1.0
76,t1_data_2.csv,38.0,1.0
77,t1_data_3.csv,1.0,1.0
78,t1_data_3.csv,2.0,1.0
79,t1_data_3.csv,3.0,1.0
80,t1_data_3.csv,4.0,1.0
81,t1_data_3.csv,5.0,1.0
82,t1_data_3.csv,6.0,1.0
83,t1_data_3.csv,7.0,1.0
